race	decile_score	is_recid	v_decile_score
Black	1	0	476
Black	1	1	99
Black	2	0	394
Black	2	1	126
Black	3	0	306
Black	3	1	152
Black	4	0	289
Black	4	1	183
Black	5	0	268
Black	5	1	176
Black	6	0	256
Black	6	1	216
Black	7	0	253
Black	7	1	234
Black	8	0	202
Black	8	1	240
Black	9	0	192
Black	9	1	255
Black	10	0	145
Black	10	1	209
White	1	0	829
White	1	1	146
White	2	0	382
White	2	1	119
White	3	0	290
White	3	1	98
White	4	0	248
White	4	1	112
White	5	0	191
White	5	1	103
White	6	0	132
White	6	1	101
White	7	0	89
White	7	1	79
White	8	0	65
White	8	1	76
White	9	0	61
White	9	1	59
White	10	0	31
White	10	1	36
